{
    "w_p2i_m": 0.049999999999999996,
    "h_p2i_m": 0.006000000000000005,
    "xtra_room_horz_m": 0.01,
    "xtra_room_vert_m": 0.001,
    "MAX_BEND": 0.002
}